Creature,0,b,1,d,e,f,g,h,iCreature,1,b,1,d,e,f,g,h,i
Creature,2,b,1,d,e,f,g,h,i
Creature,3,b,1,d,e,f,g,h,i
Creature,4,b,1,d,e,f,g,h,i
Creature,5,b,1,d,e,f,g,h,i
Creature,6,b,1,d,e,f,g,h,i
Creature,7,b,1,d,e,f,g,h,i
Creature,8,b,1,d,e,f,g,h,i
Creature,9,b,1,d,e,f,g,h,i
Creature,10,b,1,d,e,f,g,h,i
Creature,11,b,1,d,e,f,g,h,i
Creature,12,b,1,d,e,f,g,h,i
Creature,13,b,1,d,e,f,g,h,i
Creature,14,b,1,d,e,f,g,h,i
Creature,15,b,1,d,e,f,g,h,i
Creature,16,b,1,d,e,f,g,h,i
Creature,17,b,1,d,e,f,g,h,i
Creature,18,b,1,d,e,f,g,h,i
Creature,19,b,1,d,e,f,g,h,i
Creature,20,b,1,d,e,f,g,h,i
Creature,21,b,1,d,e,f,g,h,i
Creature,22,b,1,d,e,f,g,h,i
Creature,23,b,1,d,e,f,g,h,i
Creature,24,b,1,d,e,f,g,h,i
Creature,25,b,1,d,e,f,g,h,i
Creature,26,b,1,d,e,f,g,h,i
Creature,27,b,1,d,e,f,g,h,i
Creature,28,b,1,d,e,f,g,h,i
Creature,29,b,1,d,e,f,g,h,i
Creature,30,b,1,d,e,f,g,h,i
Creature,31,b,1,d,e,f,g,h,i
Creature,32,b,1,d,e,f,g,h,i
Creature,33,b,1,d,e,f,g,h,i
Creature,34,b,1,d,e,f,g,h,i
Creature,35,b,1,d,e,f,g,h,i
Creature,36,b,1,d,e,f,g,h,i
Creature,37,b,1,d,e,f,g,h,i
Creature,38,b,1,d,e,f,g,h,i
Creature,39,b,1,d,e,f,g,h,i
Creature,40,b,1,d,e,f,g,h,i
Creature,41,b,1,d,e,f,g,h,i
Creature,42,b,1,d,e,f,g,h,i
Creature,43,b,1,d,e,f,g,h,i
Creature,44,b,1,d,e,f,g,h,i
Creature,45,b,1,d,e,f,g,h,i
Creature,46,b,1,d,e,f,g,h,i
Creature,47,b,1,d,e,f,g,h,i
Creature,48,b,1,d,e,f,g,h,i
Creature,49,b,1,d,e,f,g,h,i
Creature,50,b,1,d,e,f,g,h,i
Creature,51,b,1,d,e,f,g,h,i
Creature,52,b,1,d,e,f,g,h,i
Creature,53,b,1,d,e,f,g,h,i
Creature,54,b,1,d,e,f,g,h,i
Creature,55,b,1,d,e,f,g,h,i
Creature,56,b,1,d,e,f,g,h,i
Creature,57,b,1,d,e,f,g,h,i
Creature,58,b,1,d,e,f,g,h,i
Creature,59,b,1,d,e,f,g,h,i
Creature,60,b,1,d,e,f,g,h,i
Creature,61,b,1,d,e,f,g,h,i
Creature,62,b,1,d,e,f,g,h,i
Creature,63,b,1,d,e,f,g,h,i
Creature,64,b,1,d,e,f,g,h,i
Creature,65,b,1,d,e,f,g,h,i
Creature,66,b,1,d,e,f,g,h,i
Creature,67,b,1,d,e,f,g,h,i
Creature,68,b,1,d,e,f,g,h,i
Creature,69,b,1,d,e,f,g,h,i
Creature,70,b,1,d,e,f,g,h,i
Creature,71,b,1,d,e,f,g,h,i
Creature,72,b,1,d,e,f,g,h,i
Creature,73,b,1,d,e,f,g,h,i
Creature,74,b,1,d,e,f,g,h,i
Creature,75,b,1,d,e,f,g,h,i
Creature,76,b,1,d,e,f,g,h,i
Creature,77,b,1,d,e,f,g,h,i
Creature,78,b,1,d,e,f,g,h,i
Creature,79,b,1,d,e,f,g,h,i
Creature,80,b,1,d,e,f,g,h,i
Creature,81,b,1,d,e,f,g,h,i
Creature,82,b,1,d,e,f,g,h,i
Creature,83,b,1,d,e,f,g,h,i
Creature,84,b,1,d,e,f,g,h,i
Creature,85,b,1,d,e,f,g,h,i
Creature,86,b,1,d,e,f,g,h,i
Creature,87,b,1,d,e,f,g,h,i
Creature,88,b,1,d,e,f,g,h,i
Creature,89,b,1,d,e,f,g,h,i
Creature,90,b,1,d,e,f,g,h,i
Creature,91,b,1,d,e,f,g,h,i
Creature,92,b,1,d,e,f,g,h,i
Creature,93,b,1,d,e,f,g,h,i
Creature,94,b,1,d,e,f,g,h,i
Creature,95,b,1,d,e,f,g,h,i
Creature,96,b,1,d,e,f,g,h,i
Creature,97,b,1,d,e,f,g,h,i
Creature,98,b,1,d,e,f,g,h,i
Creature,99,b,1,d,e,f,g,h,i
Creature,100,b,1,d,e,f,g,h,i
Creature,101,b,1,d,e,f,g,h,i
Creature,102,b,1,d,e,f,g,h,i
Creature,103,b,1,d,e,f,g,h,i
Creature,104,b,1,d,e,f,g,h,i
Creature,105,b,1,d,e,f,g,h,i
Creature,106,b,1,d,e,f,g,h,i
Creature,107,b,1,d,e,f,g,h,i
Creature,108,b,1,d,e,f,g,h,i
Creature,109,b,1,d,e,f,g,h,i
Creature,110,b,1,d,e,f,g,h,i
Creature,111,b,1,d,e,f,g,h,i
Creature,112,b,1,d,e,f,g,h,i
Creature,113,b,1,d,e,f,g,h,i
Creature,114,b,1,d,e,f,g,h,i
Creature,115,b,1,d,e,f,g,h,i
Creature,116,b,1,d,e,f,g,h,i
Creature,117,b,1,d,e,f,g,h,i
Creature,118,b,1,d,e,f,g,h,i
Creature,119,b,1,d,e,f,g,h,i
Creature,120,b,1,d,e,f,g,h,i
Creature,121,b,1,d,e,f,g,h,i
Creature,122,b,1,d,e,f,g,h,i
Creature,123,b,1,d,e,f,g,h,i
Creature,124,b,1,d,e,f,g,h,i
Creature,125,b,1,d,e,f,g,h,i
Creature,126,b,1,d,e,f,g,h,i
Creature,127,b,1,d,e,f,g,h,i
Creature,128,b,1,d,e,f,g,h,i
Creature,129,b,1,d,e,f,g,h,i
Creature,130,b,1,d,e,f,g,h,i
Creature,131,b,1,d,e,f,g,h,i
Creature,132,b,1,d,e,f,g,h,i
Creature,133,b,1,d,e,f,g,h,i
Creature,134,b,1,d,e,f,g,h,i
Creature,135,b,1,d,e,f,g,h,i
Creature,136,b,1,d,e,f,g,h,i
Creature,137,b,1,d,e,f,g,h,i
Creature,138,b,1,d,e,f,g,h,i
Creature,139,b,1,d,e,f,g,h,i
Creature,140,b,1,d,e,f,g,h,i
Creature,141,b,1,d,e,f,g,h,i
Creature,142,b,1,d,e,f,g,h,i
Creature,143,b,1,d,e,f,g,h,i
Creature,144,b,1,d,e,f,g,h,i
Creature,145,b,1,d,e,f,g,h,i
Creature,146,b,1,d,e,f,g,h,i
Creature,147,b,1,d,e,f,g,h,i
Creature,148,b,1,d,e,f,g,h,i
Creature,149,b,1,d,e,f,g,h,i
Creature,150,b,1,d,e,f,g,h,i
Creature,151,b,1,d,e,f,g,h,i
Creature,152,b,1,d,e,f,g,h,i
Creature,153,b,1,d,e,f,g,h,i
Creature,154,b,1,d,e,f,g,h,i
Creature,155,b,1,d,e,f,g,h,i
Creature,156,b,1,d,e,f,g,h,i
Creature,157,b,1,d,e,f,g,h,i
Creature,158,b,1,d,e,f,g,h,i
Creature,159,b,1,d,e,f,g,h,i
Creature,160,b,1,d,e,f,g,h,i
Creature,161,b,1,d,e,f,g,h,i
Creature,162,b,1,d,e,f,g,h,i
Creature,163,b,1,d,e,f,g,h,i
Creature,164,b,1,d,e,f,g,h,i
Creature,165,b,1,d,e,f,g,h,i
Creature,166,b,1,d,e,f,g,h,i
Creature,167,b,1,d,e,f,g,h,i
Creature,168,b,1,d,e,f,g,h,i
Creature,169,b,1,d,e,f,g,h,i
Creature,170,b,1,d,e,f,g,h,i
Creature,171,b,1,d,e,f,g,h,i
Creature,172,b,1,d,e,f,g,h,i
Creature,173,b,1,d,e,f,g,h,i
Creature,174,b,1,d,e,f,g,h,i
Creature,175,b,1,d,e,f,g,h,i
Creature,176,b,1,d,e,f,g,h,i
Creature,177,b,1,d,e,f,g,h,i
Creature,178,b,1,d,e,f,g,h,i
Creature,179,b,1,d,e,f,g,h,i
Creature,180,b,1,d,e,f,g,h,i
Creature,181,b,1,d,e,f,g,h,i
Creature,182,b,1,d,e,f,g,h,i
Creature,183,b,1,d,e,f,g,h,i
Creature,184,b,1,d,e,f,g,h,i
Creature,185,b,1,d,e,f,g,h,i
Creature,186,b,1,d,e,f,g,h,i
Creature,187,b,1,d,e,f,g,h,i
Creature,188,b,1,d,e,f,g,h,i
Creature,189,b,1,d,e,f,g,h,i
Creature,190,b,1,d,e,f,g,h,i
Creature,191,b,1,d,e,f,g,h,i
Creature,192,b,1,d,e,f,g,h,i
Creature,193,b,1,d,e,f,g,h,i
Creature,194,b,1,d,e,f,g,h,i
Creature,195,b,1,d,e,f,g,h,i
Creature,196,b,1,d,e,f,g,h,i
Creature,197,b,1,d,e,f,g,h,i
Creature,198,b,1,d,e,f,g,h,i
Creature,199,b,1,d,e,f,g,h,i
Creature,200,b,1,d,e,f,g,h,i
Creature,201,b,1,d,e,f,g,h,i
Creature,202,b,1,d,e,f,g,h,i
Creature,203,b,1,d,e,f,g,h,i
Creature,204,b,1,d,e,f,g,h,i
Creature,205,b,1,d,e,f,g,h,i
Creature,206,b,1,d,e,f,g,h,i
Creature,207,b,1,d,e,f,g,h,i
Creature,208,b,1,d,e,f,g,h,i
Creature,209,b,1,d,e,f,g,h,i
Creature,210,b,1,d,e,f,g,h,i
Creature,211,b,1,d,e,f,g,h,i
Creature,212,b,1,d,e,f,g,h,i
Creature,213,b,1,d,e,f,g,h,i
Creature,214,b,1,d,e,f,g,h,i
Creature,215,b,1,d,e,f,g,h,i
Creature,216,b,1,d,e,f,g,h,i
Creature,217,b,1,d,e,f,g,h,i
Creature,218,b,1,d,e,f,g,h,i
Creature,219,b,1,d,e,f,g,h,i
Creature,220,b,1,d,e,f,g,h,i
Creature,221,b,1,d,e,f,g,h,i
Creature,222,b,1,d,e,f,g,h,i
Creature,223,b,1,d,e,f,g,h,i
Creature,224,b,1,d,e,f,g,h,i
Creature,225,b,1,d,e,f,g,h,i
Creature,226,b,1,d,e,f,g,h,i
Creature,227,b,1,d,e,f,g,h,i
Creature,228,b,1,d,e,f,g,h,i
Creature,229,b,1,d,e,f,g,h,i
Creature,230,b,1,d,e,f,g,h,i
Creature,231,b,1,d,e,f,g,h,i
Creature,232,b,1,d,e,f,g,h,i
Creature,233,b,1,d,e,f,g,h,i
Creature,234,b,1,d,e,f,g,h,i
Creature,235,b,1,d,e,f,g,h,i
Creature,236,b,1,d,e,f,g,h,i
Creature,237,b,1,d,e,f,g,h,i
Creature,238,b,1,d,e,f,g,h,i
Creature,239,b,1,d,e,f,g,h,i
Creature,240,b,1,d,e,f,g,h,i
Creature,241,b,1,d,e,f,g,h,i
Creature,242,b,1,d,e,f,g,h,i
Creature,243,b,1,d,e,f,g,h,i
Creature,244,b,1,d,e,f,g,h,i
Creature,245,b,1,d,e,f,g,h,i
Creature,246,b,1,d,e,f,g,h,i
Creature,247,b,1,d,e,f,g,h,i
Creature,248,b,1,d,e,f,g,h,i
Creature,249,b,1,d,e,f,g,h,i
Creature,250,b,1,d,e,f,g,h,i
Creature,251,b,1,d,e,f,g,h,i
Creature,252,b,1,d,e,f,g,h,i
Creature,253,b,1,d,e,f,g,h,i
Creature,254,b,1,d,e,f,g,h,i
Creature,255,b,1,d,e,f,g,h,i
Creature,256,b,1,d,e,f,g,h,i
Creature,257,b,1,d,e,f,g,h,i
Creature,258,b,1,d,e,f,g,h,i
Creature,259,b,1,d,e,f,g,h,i
Creature,260,b,1,d,e,f,g,h,i
Creature,261,b,1,d,e,f,g,h,i
Creature,262,b,1,d,e,f,g,h,i
Creature,263,b,1,d,e,f,g,h,i
Creature,264,b,1,d,e,f,g,h,i
Creature,265,b,1,d,e,f,g,h,i
Creature,266,b,1,d,e,f,g,h,i
Creature,267,b,1,d,e,f,g,h,i
Creature,268,b,1,d,e,f,g,h,i
Creature,269,b,1,d,e,f,g,h,i
Creature,270,b,1,d,e,f,g,h,i
Creature,271,b,1,d,e,f,g,h,i
Creature,272,b,1,d,e,f,g,h,i
Creature,273,b,1,d,e,f,g,h,i
Creature,274,b,1,d,e,f,g,h,i
Creature,275,b,1,d,e,f,g,h,i
Creature,276,b,1,d,e,f,g,h,i
Creature,277,b,1,d,e,f,g,h,i
Creature,278,b,1,d,e,f,g,h,i
Creature,279,b,1,d,e,f,g,h,i
Creature,280,b,1,d,e,f,g,h,i
Creature,281,b,1,d,e,f,g,h,i
Creature,282,b,1,d,e,f,g,h,i
Creature,283,b,1,d,e,f,g,h,i
Creature,284,b,1,d,e,f,g,h,i
Creature,285,b,1,d,e,f,g,h,i
Creature,286,b,1,d,e,f,g,h,i
Creature,287,b,1,d,e,f,g,h,i
Creature,288,b,1,d,e,f,g,h,i
Creature,289,b,1,d,e,f,g,h,i
Creature,290,b,1,d,e,f,g,h,i
Creature,291,b,1,d,e,f,g,h,i
Creature,292,b,1,d,e,f,g,h,i
Creature,293,b,1,d,e,f,g,h,i
Creature,294,b,1,d,e,f,g,h,i
Creature,295,b,1,d,e,f,g,h,i
Creature,296,b,1,d,e,f,g,h,i
Creature,297,b,1,d,e,f,g,h,i
Creature,298,b,1,d,e,f,g,h,i
Creature,299,b,1,d,e,f,g,h,i
Creature,300,b,1,d,e,f,g,h,i
Creature,301,b,1,d,e,f,g,h,i
Creature,302,b,1,d,e,f,g,h,i
Creature,303,b,1,d,e,f,g,h,i
Creature,304,b,1,d,e,f,g,h,i
Creature,305,b,1,d,e,f,g,h,i
Creature,306,b,1,d,e,f,g,h,i
Creature,307,b,1,d,e,f,g,h,i
Creature,308,b,1,d,e,f,g,h,i
Creature,309,b,1,d,e,f,g,h,i
Creature,310,b,1,d,e,f,g,h,i
Creature,311,b,1,d,e,f,g,h,i
Creature,312,b,1,d,e,f,g,h,i
Creature,313,b,1,d,e,f,g,h,i
Creature,314,b,1,d,e,f,g,h,i
Creature,315,b,1,d,e,f,g,h,i
Creature,316,b,1,d,e,f,g,h,i
Creature,317,b,1,d,e,f,g,h,i
Creature,318,b,1,d,e,f,g,h,i
Creature,319,b,1,d,e,f,g,h,i
Creature,320,b,1,d,e,f,g,h,i
Creature,321,b,1,d,e,f,g,h,i
Creature,322,b,1,d,e,f,g,h,i
Creature,323,b,1,d,e,f,g,h,i
Creature,324,b,1,d,e,f,g,h,i
Creature,325,b,1,d,e,f,g,h,i
Creature,326,b,1,d,e,f,g,h,i
Creature,327,b,1,d,e,f,g,h,i
Creature,328,b,1,d,e,f,g,h,i
Creature,329,b,1,d,e,f,g,h,i
Creature,330,b,1,d,e,f,g,h,i
Creature,331,b,1,d,e,f,g,h,i
Creature,332,b,1,d,e,f,g,h,i
Creature,333,b,1,d,e,f,g,h,i
Creature,334,b,1,d,e,f,g,h,i
Creature,335,b,1,d,e,f,g,h,i
Creature,336,b,1,d,e,f,g,h,i
Creature,337,b,1,d,e,f,g,h,i
Creature,338,b,1,d,e,f,g,h,i
Creature,339,b,1,d,e,f,g,h,i
Creature,340,b,1,d,e,f,g,h,i
Creature,341,b,1,d,e,f,g,h,i
Creature,342,b,1,d,e,f,g,h,i
Creature,343,b,1,d,e,f,g,h,i
Creature,344,b,1,d,e,f,g,h,i
Creature,345,b,1,d,e,f,g,h,i
Creature,346,b,1,d,e,f,g,h,i
Creature,347,b,1,d,e,f,g,h,i
Creature,348,b,1,d,e,f,g,h,i
Creature,349,b,1,d,e,f,g,h,i
Creature,350,b,1,d,e,f,g,h,i
Creature,351,b,1,d,e,f,g,h,i
Creature,352,b,1,d,e,f,g,h,i
Creature,353,b,1,d,e,f,g,h,i
Creature,354,b,1,d,e,f,g,h,i
Creature,355,b,1,d,e,f,g,h,i
Creature,356,b,1,d,e,f,g,h,i
Creature,357,b,1,d,e,f,g,h,i
Creature,358,b,1,d,e,f,g,h,i
Creature,359,b,1,d,e,f,g,h,i
Creature,360,b,1,d,e,f,g,h,i
Creature,361,b,1,d,e,f,g,h,i
Creature,362,b,1,d,e,f,g,h,i
Creature,363,b,1,d,e,f,g,h,i
Creature,364,b,1,d,e,f,g,h,i
Creature,365,b,1,d,e,f,g,h,i
Creature,366,b,1,d,e,f,g,h,i
Creature,367,b,1,d,e,f,g,h,i
Creature,368,b,1,d,e,f,g,h,i
Creature,369,b,1,d,e,f,g,h,i
Creature,370,b,1,d,e,f,g,h,i
Creature,371,b,1,d,e,f,g,h,i
Creature,372,b,1,d,e,f,g,h,i
Creature,373,b,1,d,e,f,g,h,i
Creature,374,b,1,d,e,f,g,h,i
Creature,375,b,1,d,e,f,g,h,i
Creature,376,b,1,d,e,f,g,h,i
Creature,377,b,1,d,e,f,g,h,i
Creature,378,b,1,d,e,f,g,h,i
Creature,379,b,1,d,e,f,g,h,i
Creature,380,b,1,d,e,f,g,h,i
Creature,381,b,1,d,e,f,g,h,i
Creature,382,b,1,d,e,f,g,h,i
Creature,383,b,1,d,e,f,g,h,i
Creature,384,b,1,d,e,f,g,h,i
Creature,385,b,1,d,e,f,g,h,i
Creature,386,b,1,d,e,f,g,h,i
Creature,387,b,1,d,e,f,g,h,i
Creature,388,b,1,d,e,f,g,h,i
Creature,389,b,1,d,e,f,g,h,i
Creature,390,b,1,d,e,f,g,h,i
Creature,391,b,1,d,e,f,g,h,i
Creature,392,b,1,d,e,f,g,h,i
Creature,393,b,1,d,e,f,g,h,i
Creature,394,b,1,d,e,f,g,h,i
Creature,395,b,1,d,e,f,g,h,i
Creature,396,b,1,d,e,f,g,h,i
Creature,397,b,1,d,e,f,g,h,i
Creature,398,b,1,d,e,f,g,h,i
Creature,399,b,1,d,e,f,g,h,i
Creature,400,b,1,d,e,f,g,h,i
Creature,401,b,1,d,e,f,g,h,i
Creature,402,b,1,d,e,f,g,h,i
Creature,403,b,1,d,e,f,g,h,i
Creature,404,b,1,d,e,f,g,h,i
Creature,405,b,1,d,e,f,g,h,i
Creature,406,b,1,d,e,f,g,h,i
Creature,407,b,1,d,e,f,g,h,i
Creature,408,b,1,d,e,f,g,h,i
Creature,409,b,1,d,e,f,g,h,i
Creature,410,b,1,d,e,f,g,h,i
Creature,411,b,1,d,e,f,g,h,i
Creature,412,b,1,d,e,f,g,h,i
Creature,413,b,1,d,e,f,g,h,i
Creature,414,b,1,d,e,f,g,h,i
Creature,415,b,1,d,e,f,g,h,i
Creature,416,b,1,d,e,f,g,h,i
Creature,417,b,1,d,e,f,g,h,i
Creature,418,b,1,d,e,f,g,h,i
Creature,419,b,1,d,e,f,g,h,i
Creature,420,b,1,d,e,f,g,h,i
Creature,421,b,1,d,e,f,g,h,i
Creature,422,b,1,d,e,f,g,h,i
Creature,423,b,1,d,e,f,g,h,i
Creature,424,b,1,d,e,f,g,h,i
Creature,425,b,1,d,e,f,g,h,i
Creature,426,b,1,d,e,f,g,h,i
Creature,427,b,1,d,e,f,g,h,i
Creature,428,b,1,d,e,f,g,h,i
Creature,429,b,1,d,e,f,g,h,i
Creature,430,b,1,d,e,f,g,h,i
Creature,431,b,1,d,e,f,g,h,i
Creature,432,b,1,d,e,f,g,h,i
Creature,433,b,1,d,e,f,g,h,i
Creature,434,b,1,d,e,f,g,h,i
Creature,435,b,1,d,e,f,g,h,i
Creature,436,b,1,d,e,f,g,h,i
Creature,437,b,1,d,e,f,g,h,i
Creature,438,b,1,d,e,f,g,h,i
Creature,439,b,1,d,e,f,g,h,i
Creature,440,b,1,d,e,f,g,h,i
Creature,441,b,1,d,e,f,g,h,i
Creature,442,b,1,d,e,f,g,h,i
Creature,443,b,1,d,e,f,g,h,i
Creature,444,b,1,d,e,f,g,h,i
Creature,445,b,1,d,e,f,g,h,i
Creature,446,b,1,d,e,f,g,h,i
Creature,447,b,1,d,e,f,g,h,i
Creature,448,b,1,d,e,f,g,h,i
Creature,449,b,1,d,e,f,g,h,i
Creature,450,b,1,d,e,f,g,h,i
Creature,451,b,1,d,e,f,g,h,i
Creature,452,b,1,d,e,f,g,h,i
Creature,453,b,1,d,e,f,g,h,i
Creature,454,b,1,d,e,f,g,h,i
Creature,455,b,1,d,e,f,g,h,i
Creature,456,b,1,d,e,f,g,h,i
Creature,457,b,1,d,e,f,g,h,i
Creature,458,b,1,d,e,f,g,h,i
Creature,459,b,1,d,e,f,g,h,i
Creature,460,b,1,d,e,f,g,h,i
Creature,461,b,1,d,e,f,g,h,i
Creature,462,b,1,d,e,f,g,h,i
Creature,463,b,1,d,e,f,g,h,i
Creature,464,b,1,d,e,f,g,h,i
Creature,465,b,1,d,e,f,g,h,i
Creature,466,b,1,d,e,f,g,h,i
Creature,467,b,1,d,e,f,g,h,i
Creature,468,b,1,d,e,f,g,h,i
Creature,469,b,1,d,e,f,g,h,i
Creature,470,b,1,d,e,f,g,h,i
Creature,471,b,1,d,e,f,g,h,i
Creature,472,b,1,d,e,f,g,h,i
Creature,473,b,1,d,e,f,g,h,i
Creature,474,b,1,d,e,f,g,h,i
Creature,475,b,1,d,e,f,g,h,i
Creature,476,b,1,d,e,f,g,h,i
Creature,477,b,1,d,e,f,g,h,i
Creature,478,b,1,d,e,f,g,h,i
Creature,479,b,1,d,e,f,g,h,i
Creature,480,b,1,d,e,f,g,h,i
Creature,481,b,1,d,e,f,g,h,i
Creature,482,b,1,d,e,f,g,h,i
Creature,483,b,1,d,e,f,g,h,i
Creature,484,b,1,d,e,f,g,h,i
Creature,485,b,1,d,e,f,g,h,i
Creature,486,b,1,d,e,f,g,h,i
Creature,487,b,1,d,e,f,g,h,i
Creature,488,b,1,d,e,f,g,h,i
Creature,489,b,1,d,e,f,g,h,i
Creature,490,b,1,d,e,f,g,h,i
Creature,491,b,1,d,e,f,g,h,i
Creature,492,b,1,d,e,f,g,h,i
Creature,493,b,1,d,e,f,g,h,i
Creature,494,b,1,d,e,f,g,h,i
Creature,495,b,1,d,e,f,g,h,i
Creature,496,b,1,d,e,f,g,h,i
Creature,497,b,1,d,e,f,g,h,i
Creature,498,b,1,d,e,f,g,h,i
Creature,499,b,1,d,e,f,g,h,i
Creature,500,b,1,d,e,f,g,h,i
Creature,501,b,1,d,e,f,g,h,i
Creature,502,b,1,d,e,f,g,h,i
Creature,503,b,1,d,e,f,g,h,i
Creature,504,b,1,d,e,f,g,h,i
Creature,505,b,1,d,e,f,g,h,i
Creature,506,b,1,d,e,f,g,h,i
Creature,507,b,1,d,e,f,g,h,i
Creature,508,b,1,d,e,f,g,h,i
Creature,509,b,1,d,e,f,g,h,i
Creature,510,b,1,d,e,f,g,h,i
Creature,511,b,1,d,e,f,g,h,i
Creature,512,b,1,d,e,f,g,h,i
Creature,513,b,1,d,e,f,g,h,i
Creature,514,b,1,d,e,f,g,h,i
Creature,515,b,1,d,e,f,g,h,i
Creature,516,b,1,d,e,f,g,h,i
Creature,517,b,1,d,e,f,g,h,i
Creature,518,b,1,d,e,f,g,h,i
Creature,519,b,1,d,e,f,g,h,i
Creature,520,b,1,d,e,f,g,h,i
Creature,521,b,1,d,e,f,g,h,i
Creature,522,b,1,d,e,f,g,h,i
Creature,523,b,1,d,e,f,g,h,i
Creature,524,b,1,d,e,f,g,h,i
Creature,525,b,1,d,e,f,g,h,i
Creature,526,b,1,d,e,f,g,h,i
Creature,527,b,1,d,e,f,g,h,i
Creature,528,b,1,d,e,f,g,h,i
Creature,529,b,1,d,e,f,g,h,i
Creature,530,b,1,d,e,f,g,h,i
Creature,531,b,1,d,e,f,g,h,i
Creature,532,b,1,d,e,f,g,h,i
Creature,533,b,1,d,e,f,g,h,i
Creature,534,b,1,d,e,f,g,h,i
Creature,535,b,1,d,e,f,g,h,i
Creature,536,b,1,d,e,f,g,h,i
Creature,537,b,1,d,e,f,g,h,i
Creature,538,b,1,d,e,f,g,h,i
Creature,539,b,1,d,e,f,g,h,i
Creature,540,b,1,d,e,f,g,h,i
Creature,541,b,1,d,e,f,g,h,i
Creature,542,b,1,d,e,f,g,h,i
Creature,543,b,1,d,e,f,g,h,i
Creature,544,b,1,d,e,f,g,h,i
Creature,545,b,1,d,e,f,g,h,i
Creature,546,b,1,d,e,f,g,h,i
Creature,547,b,1,d,e,f,g,h,i
Creature,548,b,1,d,e,f,g,h,i
Creature,549,b,1,d,e,f,g,h,i
Creature,550,b,1,d,e,f,g,h,i
Creature,551,b,1,d,e,f,g,h,i
Creature,552,b,1,d,e,f,g,h,i
Creature,553,b,1,d,e,f,g,h,i
Creature,554,b,1,d,e,f,g,h,i
Creature,555,b,1,d,e,f,g,h,i
Creature,556,b,1,d,e,f,g,h,i
Creature,557,b,1,d,e,f,g,h,i
Creature,558,b,1,d,e,f,g,h,i
Creature,559,b,1,d,e,f,g,h,i
Creature,560,b,1,d,e,f,g,h,i
Creature,561,b,1,d,e,f,g,h,i
Creature,562,b,1,d,e,f,g,h,i
Creature,563,b,1,d,e,f,g,h,i
Creature,564,b,1,d,e,f,g,h,i
Creature,565,b,1,d,e,f,g,h,i
Creature,566,b,1,d,e,f,g,h,i
Creature,567,b,1,d,e,f,g,h,i
Creature,568,b,1,d,e,f,g,h,i
Creature,569,b,1,d,e,f,g,h,i
Creature,570,b,1,d,e,f,g,h,i
Creature,571,b,1,d,e,f,g,h,i
Creature,572,b,1,d,e,f,g,h,i
Creature,573,b,1,d,e,f,g,h,i
Creature,574,b,1,d,e,f,g,h,i
Creature,575,b,1,d,e,f,g,h,i
Creature,576,b,1,d,e,f,g,h,i
Creature,577,b,1,d,e,f,g,h,i
Creature,578,b,1,d,e,f,g,h,i
Creature,579,b,1,d,e,f,g,h,i
Creature,580,b,1,d,e,f,g,h,i
Creature,581,b,1,d,e,f,g,h,i
Creature,582,b,1,d,e,f,g,h,i
Creature,583,b,1,d,e,f,g,h,i
Creature,584,b,1,d,e,f,g,h,i
Creature,585,b,1,d,e,f,g,h,i
Creature,586,b,1,d,e,f,g,h,i
Creature,587,b,1,d,e,f,g,h,i
Creature,588,b,1,d,e,f,g,h,i
Creature,589,b,1,d,e,f,g,h,i
Creature,590,b,1,d,e,f,g,h,i
Creature,591,b,1,d,e,f,g,h,i
Creature,592,b,1,d,e,f,g,h,i
Creature,593,b,1,d,e,f,g,h,i
Creature,594,b,1,d,e,f,g,h,i
Creature,595,b,1,d,e,f,g,h,i
Creature,596,b,1,d,e,f,g,h,i
Creature,597,b,1,d,e,f,g,h,i
Creature,598,b,1,d,e,f,g,h,i
Creature,599,b,1,d,e,f,g,h,i
Creature,600,b,1,d,e,f,g,h,i
Creature,601,b,1,d,e,f,g,h,i
Creature,602,b,1,d,e,f,g,h,i
Creature,603,b,1,d,e,f,g,h,i
Creature,604,b,1,d,e,f,g,h,i
Creature,605,b,1,d,e,f,g,h,i
Creature,606,b,1,d,e,f,g,h,i
Creature,607,b,1,d,e,f,g,h,i
Creature,608,b,1,d,e,f,g,h,i
Creature,609,b,1,d,e,f,g,h,i
Creature,610,b,1,d,e,f,g,h,i
Creature,611,b,1,d,e,f,g,h,i
Creature,612,b,1,d,e,f,g,h,i
Creature,613,b,1,d,e,f,g,h,i
Creature,614,b,1,d,e,f,g,h,i
Creature,615,b,1,d,e,f,g,h,i
Creature,616,b,1,d,e,f,g,h,i
Creature,617,b,1,d,e,f,g,h,i
Creature,618,b,1,d,e,f,g,h,i
Creature,619,b,1,d,e,f,g,h,i
Creature,620,b,1,d,e,f,g,h,i
Creature,621,b,1,d,e,f,g,h,i
Creature,622,b,1,d,e,f,g,h,i
Creature,623,b,1,d,e,f,g,h,i
Creature,624,b,1,d,e,f,g,h,i
Creature,625,b,1,d,e,f,g,h,i
Creature,626,b,1,d,e,f,g,h,i
Creature,627,b,1,d,e,f,g,h,i
Creature,628,b,1,d,e,f,g,h,i
Creature,629,b,1,d,e,f,g,h,i
Creature,630,b,1,d,e,f,g,h,i
Creature,631,b,1,d,e,f,g,h,i
Creature,632,b,1,d,e,f,g,h,i
Creature,633,b,1,d,e,f,g,h,i
Creature,634,b,1,d,e,f,g,h,i
Creature,635,b,1,d,e,f,g,h,i
Creature,636,b,1,d,e,f,g,h,i
Creature,637,b,1,d,e,f,g,h,i
Creature,638,b,1,d,e,f,g,h,i
Creature,639,b,1,d,e,f,g,h,i
Creature,640,b,1,d,e,f,g,h,i
Creature,641,b,1,d,e,f,g,h,i
Creature,642,b,1,d,e,f,g,h,i
Creature,643,b,1,d,e,f,g,h,i
Creature,644,b,1,d,e,f,g,h,i
Creature,645,b,1,d,e,f,g,h,i
Creature,646,b,1,d,e,f,g,h,i
Creature,647,b,1,d,e,f,g,h,i
Creature,648,b,1,d,e,f,g,h,i
Creature,649,b,1,d,e,f,g,h,i
Creature,650,b,1,d,e,f,g,h,i
Creature,651,b,1,d,e,f,g,h,i
Creature,652,b,1,d,e,f,g,h,i
Creature,653,b,1,d,e,f,g,h,i
Creature,654,b,1,d,e,f,g,h,i
Creature,655,b,1,d,e,f,g,h,i
Creature,656,b,1,d,e,f,g,h,i
Creature,657,b,1,d,e,f,g,h,i
Creature,658,b,1,d,e,f,g,h,i
Creature,659,b,1,d,e,f,g,h,i
Creature,660,b,1,d,e,f,g,h,i
Creature,661,b,1,d,e,f,g,h,i
Creature,662,b,1,d,e,f,g,h,i
Creature,663,b,1,d,e,f,g,h,i
Creature,664,b,1,d,e,f,g,h,i
Creature,665,b,1,d,e,f,g,h,i
Creature,666,b,1,d,e,f,g,h,i
Creature,667,b,1,d,e,f,g,h,i
Creature,668,b,1,d,e,f,g,h,i
Creature,669,b,1,d,e,f,g,h,i
Creature,670,b,1,d,e,f,g,h,i
Creature,671,b,1,d,e,f,g,h,i
Creature,672,b,1,d,e,f,g,h,i
Creature,673,b,1,d,e,f,g,h,i
Creature,674,b,1,d,e,f,g,h,i
Creature,675,b,1,d,e,f,g,h,i
Creature,676,b,1,d,e,f,g,h,i
Creature,677,b,1,d,e,f,g,h,i
Creature,678,b,1,d,e,f,g,h,i
Creature,679,b,1,d,e,f,g,h,i
Creature,680,b,1,d,e,f,g,h,i
Creature,681,b,1,d,e,f,g,h,i
Creature,682,b,1,d,e,f,g,h,i
Creature,683,b,1,d,e,f,g,h,i
Creature,684,b,1,d,e,f,g,h,i
Creature,685,b,1,d,e,f,g,h,i
Creature,686,b,1,d,e,f,g,h,i
Creature,687,b,1,d,e,f,g,h,i
Creature,688,b,1,d,e,f,g,h,i
Creature,689,b,1,d,e,f,g,h,i
Creature,690,b,1,d,e,f,g,h,i
Creature,691,b,1,d,e,f,g,h,i
Creature,692,b,1,d,e,f,g,h,i
Creature,693,b,1,d,e,f,g,h,i
Creature,694,b,1,d,e,f,g,h,i
Creature,695,b,1,d,e,f,g,h,i
Creature,696,b,1,d,e,f,g,h,i
Creature,697,b,1,d,e,f,g,h,i
Creature,698,b,1,d,e,f,g,h,i
Creature,699,b,1,d,e,f,g,h,i
Creature,700,b,1,d,e,f,g,h,i
Creature,701,b,1,d,e,f,g,h,i
Creature,702,b,1,d,e,f,g,h,i
Creature,703,b,1,d,e,f,g,h,i
Creature,704,b,1,d,e,f,g,h,i
Creature,705,b,1,d,e,f,g,h,i
Creature,706,b,1,d,e,f,g,h,i
Creature,707,b,1,d,e,f,g,h,i
Creature,708,b,1,d,e,f,g,h,i
Creature,709,b,1,d,e,f,g,h,i
Creature,710,b,1,d,e,f,g,h,i
Creature,711,b,1,d,e,f,g,h,i
Creature,712,b,1,d,e,f,g,h,i
Creature,713,b,1,d,e,f,g,h,i
Creature,714,b,1,d,e,f,g,h,i
Creature,715,b,1,d,e,f,g,h,i
Creature,716,b,1,d,e,f,g,h,i
Creature,717,b,1,d,e,f,g,h,i
Creature,718,b,1,d,e,f,g,h,i
Creature,719,b,1,d,e,f,g,h,i
Creature,720,b,1,d,e,f,g,h,i
Creature,721,b,1,d,e,f,g,h,i
Creature,722,b,1,d,e,f,g,h,i
Creature,723,b,1,d,e,f,g,h,i
Creature,724,b,1,d,e,f,g,h,i
Creature,725,b,1,d,e,f,g,h,i
Creature,726,b,1,d,e,f,g,h,i
Creature,727,b,1,d,e,f,g,h,i
Creature,728,b,1,d,e,f,g,h,i
Creature,729,b,1,d,e,f,g,h,i
Creature,730,b,1,d,e,f,g,h,i
Creature,731,b,1,d,e,f,g,h,i
Creature,732,b,1,d,e,f,g,h,i
Creature,733,b,1,d,e,f,g,h,i
Creature,734,b,1,d,e,f,g,h,i
Creature,735,b,1,d,e,f,g,h,i
Creature,736,b,1,d,e,f,g,h,i
Creature,737,b,1,d,e,f,g,h,i
Creature,738,b,1,d,e,f,g,h,i
Creature,739,b,1,d,e,f,g,h,i
Creature,740,b,1,d,e,f,g,h,i
Creature,741,b,1,d,e,f,g,h,i
Creature,742,b,1,d,e,f,g,h,i
Creature,743,b,1,d,e,f,g,h,i
Creature,744,b,1,d,e,f,g,h,i
Creature,745,b,1,d,e,f,g,h,i
Creature,746,b,1,d,e,f,g,h,i
Creature,747,b,1,d,e,f,g,h,i
Creature,748,b,1,d,e,f,g,h,i
Creature,749,b,1,d,e,f,g,h,i
Creature,750,b,1,d,e,f,g,h,i
Creature,751,b,1,d,e,f,g,h,i
Creature,752,b,1,d,e,f,g,h,i
Creature,753,b,1,d,e,f,g,h,i
Creature,754,b,1,d,e,f,g,h,i
Creature,755,b,1,d,e,f,g,h,i
Creature,756,b,1,d,e,f,g,h,i
Creature,757,b,1,d,e,f,g,h,i
Creature,758,b,1,d,e,f,g,h,i
Creature,759,b,1,d,e,f,g,h,i
Creature,760,b,1,d,e,f,g,h,i
Creature,761,b,1,d,e,f,g,h,i
Creature,762,b,1,d,e,f,g,h,i
Creature,763,b,1,d,e,f,g,h,i
Creature,764,b,1,d,e,f,g,h,i
Creature,765,b,1,d,e,f,g,h,i
Creature,766,b,1,d,e,f,g,h,i
Creature,767,b,1,d,e,f,g,h,i
Creature,768,b,1,d,e,f,g,h,i
Creature,769,b,1,d,e,f,g,h,i
Creature,770,b,1,d,e,f,g,h,i
Creature,771,b,1,d,e,f,g,h,i
Creature,772,b,1,d,e,f,g,h,i
Creature,773,b,1,d,e,f,g,h,i
Creature,774,b,1,d,e,f,g,h,i
Creature,775,b,1,d,e,f,g,h,i
Creature,776,b,1,d,e,f,g,h,i
Creature,777,b,1,d,e,f,g,h,i
Creature,778,b,1,d,e,f,g,h,i
Creature,779,b,1,d,e,f,g,h,i
Creature,780,b,1,d,e,f,g,h,i
Creature,781,b,1,d,e,f,g,h,i
Creature,782,b,1,d,e,f,g,h,i
Creature,783,b,1,d,e,f,g,h,i
Creature,784,b,1,d,e,f,g,h,i
Creature,785,b,1,d,e,f,g,h,i
Creature,786,b,1,d,e,f,g,h,i
Creature,787,b,1,d,e,f,g,h,i
Creature,788,b,1,d,e,f,g,h,i
Creature,789,b,1,d,e,f,g,h,i
Creature,790,b,1,d,e,f,g,h,i
Creature,791,b,1,d,e,f,g,h,i
Creature,792,b,1,d,e,f,g,h,i
Creature,793,b,1,d,e,f,g,h,i
Creature,794,b,1,d,e,f,g,h,i
Creature,795,b,1,d,e,f,g,h,i
Creature,796,b,1,d,e,f,g,h,i
Creature,797,b,1,d,e,f,g,h,i
Creature,798,b,1,d,e,f,g,h,i
Creature,799,b,1,d,e,f,g,h,i
Creature,800,b,1,d,e,f,g,h,i
Creature,801,b,1,d,e,f,g,h,i
Creature,802,b,1,d,e,f,g,h,i
Creature,803,b,1,d,e,f,g,h,i
Creature,804,b,1,d,e,f,g,h,i
Creature,805,b,1,d,e,f,g,h,i
Creature,806,b,1,d,e,f,g,h,i
Creature,807,b,1,d,e,f,g,h,i
Creature,808,b,1,d,e,f,g,h,i
Creature,809,b,1,d,e,f,g,h,i
Creature,810,b,1,d,e,f,g,h,i
Creature,811,b,1,d,e,f,g,h,i
Creature,812,b,1,d,e,f,g,h,i
Creature,813,b,1,d,e,f,g,h,i
Creature,814,b,1,d,e,f,g,h,i
Creature,815,b,1,d,e,f,g,h,i
Creature,816,b,1,d,e,f,g,h,i
Creature,817,b,1,d,e,f,g,h,i
Creature,818,b,1,d,e,f,g,h,i
Creature,819,b,1,d,e,f,g,h,i
Creature,820,b,1,d,e,f,g,h,i
Creature,821,b,1,d,e,f,g,h,i
Creature,822,b,1,d,e,f,g,h,i
Creature,823,b,1,d,e,f,g,h,i
Creature,824,b,1,d,e,f,g,h,i
Creature,825,b,1,d,e,f,g,h,i
Creature,826,b,1,d,e,f,g,h,i
Creature,827,b,1,d,e,f,g,h,i
Creature,828,b,1,d,e,f,g,h,i
Creature,829,b,1,d,e,f,g,h,i
Creature,830,b,1,d,e,f,g,h,i
Creature,831,b,1,d,e,f,g,h,i
Creature,832,b,1,d,e,f,g,h,i
Creature,833,b,1,d,e,f,g,h,i
Creature,834,b,1,d,e,f,g,h,i
Creature,835,b,1,d,e,f,g,h,i
Creature,836,b,1,d,e,f,g,h,i
Creature,837,b,1,d,e,f,g,h,i
Creature,838,b,1,d,e,f,g,h,i
Creature,839,b,1,d,e,f,g,h,i
Creature,840,b,1,d,e,f,g,h,i
Creature,841,b,1,d,e,f,g,h,i
Creature,842,b,1,d,e,f,g,h,i
Creature,843,b,1,d,e,f,g,h,i
Creature,844,b,1,d,e,f,g,h,i
Creature,845,b,1,d,e,f,g,h,i
Creature,846,b,1,d,e,f,g,h,i
Creature,847,b,1,d,e,f,g,h,i
Creature,848,b,1,d,e,f,g,h,i
Creature,849,b,1,d,e,f,g,h,i
Creature,850,b,1,d,e,f,g,h,i
Creature,851,b,1,d,e,f,g,h,i
Creature,852,b,1,d,e,f,g,h,i
Creature,853,b,1,d,e,f,g,h,i
Creature,854,b,1,d,e,f,g,h,i
Creature,855,b,1,d,e,f,g,h,i
Creature,856,b,1,d,e,f,g,h,i
Creature,857,b,1,d,e,f,g,h,i
Creature,858,b,1,d,e,f,g,h,i
Creature,859,b,1,d,e,f,g,h,i
Creature,860,b,1,d,e,f,g,h,i
Creature,861,b,1,d,e,f,g,h,i
Creature,862,b,1,d,e,f,g,h,i
Creature,863,b,1,d,e,f,g,h,i
Creature,864,b,1,d,e,f,g,h,i
Creature,865,b,1,d,e,f,g,h,i
Creature,866,b,1,d,e,f,g,h,i
Creature,867,b,1,d,e,f,g,h,i
Creature,868,b,1,d,e,f,g,h,i
Creature,869,b,1,d,e,f,g,h,i
Creature,870,b,1,d,e,f,g,h,i
Creature,871,b,1,d,e,f,g,h,i
Creature,872,b,1,d,e,f,g,h,i
Creature,873,b,1,d,e,f,g,h,i
Creature,874,b,1,d,e,f,g,h,i
Creature,875,b,1,d,e,f,g,h,i
Creature,876,b,1,d,e,f,g,h,i
Creature,877,b,1,d,e,f,g,h,i
Creature,878,b,1,d,e,f,g,h,i
Creature,879,b,1,d,e,f,g,h,i
Creature,880,b,1,d,e,f,g,h,i
Creature,881,b,1,d,e,f,g,h,i
Creature,882,b,1,d,e,f,g,h,i
Creature,883,b,1,d,e,f,g,h,i
Creature,884,b,1,d,e,f,g,h,i
Creature,885,b,1,d,e,f,g,h,i
Creature,886,b,1,d,e,f,g,h,i
Creature,887,b,1,d,e,f,g,h,i
Creature,888,b,1,d,e,f,g,h,i
Creature,889,b,1,d,e,f,g,h,i
Creature,890,b,1,d,e,f,g,h,i
Creature,891,b,1,d,e,f,g,h,i
Creature,892,b,1,d,e,f,g,h,i
Creature,893,b,1,d,e,f,g,h,i
Creature,894,b,1,d,e,f,g,h,i
Creature,895,b,1,d,e,f,g,h,i
Creature,896,b,1,d,e,f,g,h,i
Creature,897,b,1,d,e,f,g,h,i
Creature,898,b,1,d,e,f,g,h,i
Creature,899,b,1,d,e,f,g,h,i
Creature,900,b,1,d,e,f,g,h,i
Creature,901,b,1,d,e,f,g,h,i
Creature,902,b,1,d,e,f,g,h,i
Creature,903,b,1,d,e,f,g,h,i
Creature,904,b,1,d,e,f,g,h,i
Creature,905,b,1,d,e,f,g,h,i
Creature,906,b,1,d,e,f,g,h,i
Creature,907,b,1,d,e,f,g,h,i
Creature,908,b,1,d,e,f,g,h,i
Creature,909,b,1,d,e,f,g,h,i
Creature,910,b,1,d,e,f,g,h,i
Creature,911,b,1,d,e,f,g,h,i
Creature,912,b,1,d,e,f,g,h,i
Creature,913,b,1,d,e,f,g,h,i
Creature,914,b,1,d,e,f,g,h,i
Creature,915,b,1,d,e,f,g,h,i
Creature,916,b,1,d,e,f,g,h,i
Creature,917,b,1,d,e,f,g,h,i
Creature,918,b,1,d,e,f,g,h,i
Creature,919,b,1,d,e,f,g,h,i
Creature,920,b,1,d,e,f,g,h,i
Creature,921,b,1,d,e,f,g,h,i
Creature,922,b,1,d,e,f,g,h,i
Creature,923,b,1,d,e,f,g,h,i
Creature,924,b,1,d,e,f,g,h,i
Creature,925,b,1,d,e,f,g,h,i
Creature,926,b,1,d,e,f,g,h,i
Creature,927,b,1,d,e,f,g,h,i
Creature,928,b,1,d,e,f,g,h,i
Creature,929,b,1,d,e,f,g,h,i
Creature,930,b,1,d,e,f,g,h,i
Creature,931,b,1,d,e,f,g,h,i
Creature,932,b,1,d,e,f,g,h,i
Creature,933,b,1,d,e,f,g,h,i
Creature,934,b,1,d,e,f,g,h,i
Creature,935,b,1,d,e,f,g,h,i
Creature,936,b,1,d,e,f,g,h,i
Creature,937,b,1,d,e,f,g,h,i
Creature,938,b,1,d,e,f,g,h,i
Creature,939,b,1,d,e,f,g,h,i
Creature,940,b,1,d,e,f,g,h,i
Creature,941,b,1,d,e,f,g,h,i
Creature,942,b,1,d,e,f,g,h,i
Creature,943,b,1,d,e,f,g,h,i
Creature,944,b,1,d,e,f,g,h,i
Creature,945,b,1,d,e,f,g,h,i
Creature,946,b,1,d,e,f,g,h,i
Creature,947,b,1,d,e,f,g,h,i
Creature,948,b,1,d,e,f,g,h,i
Creature,949,b,1,d,e,f,g,h,i
Creature,950,b,1,d,e,f,g,h,i
Creature,951,b,1,d,e,f,g,h,i
Creature,952,b,1,d,e,f,g,h,i
Creature,953,b,1,d,e,f,g,h,i
Creature,954,b,1,d,e,f,g,h,i
Creature,955,b,1,d,e,f,g,h,i
Creature,956,b,1,d,e,f,g,h,i
Creature,957,b,1,d,e,f,g,h,i
Creature,958,b,1,d,e,f,g,h,i
Creature,959,b,1,d,e,f,g,h,i
Creature,960,b,1,d,e,f,g,h,i
Creature,961,b,1,d,e,f,g,h,i
Creature,962,b,1,d,e,f,g,h,i
Creature,963,b,1,d,e,f,g,h,i
Creature,964,b,1,d,e,f,g,h,i
Creature,965,b,1,d,e,f,g,h,i
Creature,966,b,1,d,e,f,g,h,i
Creature,967,b,1,d,e,f,g,h,i
Creature,968,b,1,d,e,f,g,h,i
Creature,969,b,1,d,e,f,g,h,i
Creature,970,b,1,d,e,f,g,h,i
Creature,971,b,1,d,e,f,g,h,i
Creature,972,b,1,d,e,f,g,h,i
Creature,973,b,1,d,e,f,g,h,i
Creature,974,b,1,d,e,f,g,h,i
Creature,975,b,1,d,e,f,g,h,i
Creature,976,b,1,d,e,f,g,h,i
Creature,977,b,1,d,e,f,g,h,i
Creature,978,b,1,d,e,f,g,h,i
Creature,979,b,1,d,e,f,g,h,i
Creature,980,b,1,d,e,f,g,h,i
Creature,981,b,1,d,e,f,g,h,i
Creature,982,b,1,d,e,f,g,h,i
Creature,983,b,1,d,e,f,g,h,i
Creature,984,b,1,d,e,f,g,h,i
Creature,985,b,1,d,e,f,g,h,i
Creature,986,b,1,d,e,f,g,h,i
Creature,987,b,1,d,e,f,g,h,i
Creature,988,b,1,d,e,f,g,h,i
Creature,989,b,1,d,e,f,g,h,i
Creature,990,b,1,d,e,f,g,h,i
Creature,991,b,1,d,e,f,g,h,i
Creature,992,b,1,d,e,f,g,h,i
Creature,993,b,1,d,e,f,g,h,i
Creature,994,b,1,d,e,f,g,h,i
Creature,995,b,1,d,e,f,g,h,i
Creature,996,b,1,d,e,f,g,h,i
Creature,997,b,1,d,e,f,g,h,i
Creature,998,b,1,d,e,f,g,h,i
Creature,999,b,1,d,e,f,g,h,i